start:START_ID	end:END_ID	type:TYPE
1	2	ENTRY
1	3	EXIT
1	4	PARENT_OF
4	5	PARENT_OF
5	6	PARENT_OF
6	7	PARENT_OF
4	8	PARENT_OF
8	9	PARENT_OF
9	10	ENTRY
9	11	EXIT
9	12	PARENT_OF
9	13	PARENT_OF
9	14	PARENT_OF
14	15	PARENT_OF
15	16	PARENT_OF
15	17	PARENT_OF
15	18	PARENT_OF
9	19	PARENT_OF
9	20	PARENT_OF
20	21	PARENT_OF
21	22	PARENT_OF
22	23	PARENT_OF
20	24	PARENT_OF
24	25	ENTRY
24	26	EXIT
24	27	PARENT_OF
24	28	PARENT_OF
24	29	PARENT_OF
29	30	PARENT_OF
30	31	PARENT_OF
30	32	PARENT_OF
30	33	PARENT_OF
24	34	PARENT_OF
34	35	PARENT_OF
35	36	PARENT_OF
36	37	PARENT_OF
35	38	PARENT_OF
38	39	PARENT_OF
34	40	PARENT_OF
40	41	PARENT_OF
41	42	PARENT_OF
40	43	PARENT_OF
34	44	PARENT_OF
44	45	PARENT_OF
45	46	PARENT_OF
44	47	PARENT_OF
47	48	PARENT_OF
48	49	PARENT_OF
48	50	PARENT_OF
47	51	PARENT_OF
51	52	PARENT_OF
51	53	PARENT_OF
34	54	PARENT_OF
54	55	PARENT_OF
55	56	PARENT_OF
54	57	PARENT_OF
57	58	PARENT_OF
58	59	PARENT_OF
59	60	PARENT_OF
58	61	PARENT_OF
58	62	PARENT_OF
62	63	PARENT_OF
63	64	PARENT_OF
57	65	PARENT_OF
57	66	PARENT_OF
66	67	PARENT_OF
67	68	ENTRY
67	69	EXIT
67	70	PARENT_OF
67	71	PARENT_OF
67	72	PARENT_OF
72	73	PARENT_OF
73	74	PARENT_OF
73	75	PARENT_OF
73	76	PARENT_OF
72	77	PARENT_OF
77	78	PARENT_OF
77	79	PARENT_OF
77	80	PARENT_OF
67	81	PARENT_OF
67	82	PARENT_OF
82	83	PARENT_OF
83	84	PARENT_OF
84	85	PARENT_OF
85	86	PARENT_OF
86	87	PARENT_OF
87	88	PARENT_OF
86	89	PARENT_OF
85	90	PARENT_OF
90	91	PARENT_OF
91	92	PARENT_OF
90	93	PARENT_OF
93	94	PARENT_OF
84	95	PARENT_OF
95	96	PARENT_OF
96	97	PARENT_OF
97	98	PARENT_OF
98	99	PARENT_OF
97	100	PARENT_OF
100	101	PARENT_OF
96	102	PARENT_OF
102	103	PARENT_OF
103	104	PARENT_OF
104	105	PARENT_OF
103	106	PARENT_OF
102	107	PARENT_OF
107	108	PARENT_OF
82	109	PARENT_OF
109	110	PARENT_OF
110	111	PARENT_OF
67	112	PARENT_OF
67	113	PARENT_OF
66	114	PARENT_OF
34	115	PARENT_OF
115	116	PARENT_OF
116	117	PARENT_OF
115	118	PARENT_OF
118	119	PARENT_OF
119	120	PARENT_OF
119	121	PARENT_OF
118	122	PARENT_OF
122	123	PARENT_OF
122	124	PARENT_OF
118	125	PARENT_OF
125	126	PARENT_OF
125	127	PARENT_OF
34	128	PARENT_OF
128	129	PARENT_OF
129	130	PARENT_OF
128	131	PARENT_OF
131	132	PARENT_OF
132	133	PARENT_OF
133	134	PARENT_OF
132	135	PARENT_OF
132	136	PARENT_OF
136	137	PARENT_OF
137	138	PARENT_OF
131	139	PARENT_OF
131	140	PARENT_OF
140	141	PARENT_OF
141	142	ENTRY
141	143	EXIT
141	144	PARENT_OF
141	145	PARENT_OF
141	146	PARENT_OF
146	147	PARENT_OF
147	148	PARENT_OF
147	149	PARENT_OF
147	150	PARENT_OF
146	151	PARENT_OF
151	152	PARENT_OF
151	153	PARENT_OF
151	154	PARENT_OF
141	155	PARENT_OF
141	156	PARENT_OF
156	157	PARENT_OF
157	158	PARENT_OF
158	159	PARENT_OF
159	160	PARENT_OF
160	161	PARENT_OF
159	162	PARENT_OF
162	163	PARENT_OF
158	164	PARENT_OF
164	165	PARENT_OF
165	166	PARENT_OF
166	167	PARENT_OF
167	168	PARENT_OF
166	169	PARENT_OF
169	170	PARENT_OF
170	171	PARENT_OF
169	172	PARENT_OF
172	173	PARENT_OF
165	174	PARENT_OF
174	175	PARENT_OF
175	176	PARENT_OF
176	177	PARENT_OF
175	178	PARENT_OF
174	179	PARENT_OF
179	180	PARENT_OF
180	181	PARENT_OF
179	182	PARENT_OF
182	183	PARENT_OF
156	184	PARENT_OF
184	185	PARENT_OF
185	186	PARENT_OF
141	187	PARENT_OF
141	188	PARENT_OF
140	189	PARENT_OF
189	190	PARENT_OF
34	191	PARENT_OF
191	192	PARENT_OF
192	193	PARENT_OF
193	194	PARENT_OF
194	195	PARENT_OF
195	196	PARENT_OF
194	197	PARENT_OF
193	198	PARENT_OF
198	199	PARENT_OF
199	200	PARENT_OF
200	201	PARENT_OF
199	202	PARENT_OF
198	203	PARENT_OF
192	204	PARENT_OF
204	205	PARENT_OF
205	206	PARENT_OF
206	207	PARENT_OF
207	208	PARENT_OF
206	209	PARENT_OF
205	210	PARENT_OF
210	211	PARENT_OF
211	212	PARENT_OF
210	213	PARENT_OF
34	214	PARENT_OF
214	215	PARENT_OF
215	216	PARENT_OF
24	217	PARENT_OF
24	218	PARENT_OF
20	219	PARENT_OF
219	220	PARENT_OF
220	221	PARENT_OF
221	222	PARENT_OF
220	223	PARENT_OF
219	224	PARENT_OF
224	225	PARENT_OF
20	226	PARENT_OF
226	227	ENTRY
226	228	EXIT
226	229	PARENT_OF
226	230	PARENT_OF
226	231	PARENT_OF
226	232	PARENT_OF
232	233	PARENT_OF
233	234	PARENT_OF
234	235	PARENT_OF
235	236	PARENT_OF
236	237	PARENT_OF
237	238	PARENT_OF
238	239	PARENT_OF
237	240	PARENT_OF
236	241	PARENT_OF
235	242	PARENT_OF
235	243	PARENT_OF
243	244	PARENT_OF
234	245	PARENT_OF
245	246	PARENT_OF
226	247	PARENT_OF
226	248	PARENT_OF
20	249	PARENT_OF
249	250	ENTRY
249	251	EXIT
249	252	PARENT_OF
249	253	PARENT_OF
249	254	PARENT_OF
254	255	PARENT_OF
255	256	PARENT_OF
255	257	PARENT_OF
255	258	PARENT_OF
254	259	PARENT_OF
259	260	PARENT_OF
259	261	PARENT_OF
259	262	PARENT_OF
254	263	PARENT_OF
263	264	PARENT_OF
263	265	PARENT_OF
263	266	PARENT_OF
249	267	PARENT_OF
267	268	PARENT_OF
268	269	PARENT_OF
269	270	PARENT_OF
268	271	PARENT_OF
271	272	PARENT_OF
272	273	PARENT_OF
271	274	PARENT_OF
271	275	PARENT_OF
275	276	PARENT_OF
276	277	ENTRY
276	278	EXIT
276	279	PARENT_OF
276	280	PARENT_OF
276	281	PARENT_OF
281	282	PARENT_OF
282	283	PARENT_OF
282	284	PARENT_OF
282	285	PARENT_OF
276	286	PARENT_OF
276	287	PARENT_OF
287	288	PARENT_OF
288	289	PARENT_OF
289	290	PARENT_OF
290	291	PARENT_OF
291	292	PARENT_OF
290	293	PARENT_OF
289	294	PARENT_OF
294	295	PARENT_OF
276	296	PARENT_OF
276	297	PARENT_OF
267	298	PARENT_OF
298	299	PARENT_OF
299	300	PARENT_OF
300	301	PARENT_OF
301	302	PARENT_OF
300	303	PARENT_OF
303	304	PARENT_OF
304	305	PARENT_OF
303	306	PARENT_OF
299	307	PARENT_OF
307	308	PARENT_OF
308	309	PARENT_OF
309	310	PARENT_OF
308	311	PARENT_OF
311	312	PARENT_OF
312	313	PARENT_OF
313	314	PARENT_OF
312	315	PARENT_OF
311	316	PARENT_OF
316	317	PARENT_OF
307	318	PARENT_OF
318	319	PARENT_OF
319	320	PARENT_OF
320	321	PARENT_OF
319	322	PARENT_OF
322	323	PARENT_OF
323	324	PARENT_OF
324	325	PARENT_OF
323	326	PARENT_OF
326	327	PARENT_OF
327	328	PARENT_OF
328	329	PARENT_OF
327	330	PARENT_OF
326	331	PARENT_OF
326	332	PARENT_OF
332	333	PARENT_OF
333	334	ENTRY
333	335	EXIT
333	336	PARENT_OF
333	337	PARENT_OF
333	338	PARENT_OF
338	339	PARENT_OF
339	340	PARENT_OF
339	341	PARENT_OF
339	342	PARENT_OF
333	343	PARENT_OF
333	344	PARENT_OF
344	345	PARENT_OF
345	346	PARENT_OF
346	347	PARENT_OF
347	348	PARENT_OF
348	349	PARENT_OF
347	350	PARENT_OF
346	351	PARENT_OF
351	352	PARENT_OF
352	353	PARENT_OF
351	354	PARENT_OF
333	355	PARENT_OF
333	356	PARENT_OF
322	357	PARENT_OF
357	358	PARENT_OF
358	359	PARENT_OF
359	360	PARENT_OF
358	361	PARENT_OF
361	362	PARENT_OF
362	363	PARENT_OF
363	364	PARENT_OF
364	365	PARENT_OF
363	366	PARENT_OF
362	367	PARENT_OF
367	368	PARENT_OF
368	369	PARENT_OF
367	370	PARENT_OF
370	371	PARENT_OF
371	372	PARENT_OF
322	373	PARENT_OF
373	374	PARENT_OF
374	375	PARENT_OF
375	376	PARENT_OF
374	377	PARENT_OF
373	378	PARENT_OF
378	379	PARENT_OF
322	380	PARENT_OF
380	381	PARENT_OF
381	382	PARENT_OF
267	383	PARENT_OF
383	384	PARENT_OF
384	385	PARENT_OF
385	386	PARENT_OF
249	387	PARENT_OF
249	388	PARENT_OF
20	389	PARENT_OF
389	390	ENTRY
389	391	EXIT
389	392	PARENT_OF
389	393	PARENT_OF
389	394	PARENT_OF
394	395	PARENT_OF
395	396	PARENT_OF
395	397	PARENT_OF
395	398	PARENT_OF
389	399	PARENT_OF
399	400	PARENT_OF
400	401	PARENT_OF
401	402	PARENT_OF
400	403	PARENT_OF
403	404	PARENT_OF
404	405	PARENT_OF
405	406	PARENT_OF
406	407	PARENT_OF
405	408	PARENT_OF
408	409	PARENT_OF
409	410	PARENT_OF
410	411	PARENT_OF
411	412	PARENT_OF
410	413	PARENT_OF
409	414	PARENT_OF
404	415	PARENT_OF
404	416	PARENT_OF
416	417	PARENT_OF
403	418	PARENT_OF
403	419	PARENT_OF
399	420	PARENT_OF
420	421	PARENT_OF
421	422	PARENT_OF
420	423	PARENT_OF
423	424	PARENT_OF
424	425	PARENT_OF
425	426	PARENT_OF
424	427	PARENT_OF
423	428	PARENT_OF
428	429	PARENT_OF
429	430	PARENT_OF
428	431	PARENT_OF
423	432	PARENT_OF
432	433	PARENT_OF
433	434	PARENT_OF
432	435	PARENT_OF
399	436	PARENT_OF
436	437	PARENT_OF
437	438	PARENT_OF
438	439	PARENT_OF
439	440	PARENT_OF
438	441	PARENT_OF
441	442	PARENT_OF
442	443	PARENT_OF
443	444	PARENT_OF
442	445	PARENT_OF
437	446	PARENT_OF
437	447	PARENT_OF
447	448	PARENT_OF
447	449	PARENT_OF
449	450	ENTRY
449	451	EXIT
449	452	PARENT_OF
449	453	PARENT_OF
449	454	PARENT_OF
454	455	PARENT_OF
455	456	PARENT_OF
455	457	PARENT_OF
455	458	PARENT_OF
454	459	PARENT_OF
459	460	PARENT_OF
459	461	PARENT_OF
459	462	PARENT_OF
454	463	PARENT_OF
463	464	PARENT_OF
463	465	PARENT_OF
463	466	PARENT_OF
449	467	PARENT_OF
449	468	PARENT_OF
468	469	PARENT_OF
469	470	PARENT_OF
470	471	PARENT_OF
471	472	PARENT_OF
472	473	PARENT_OF
473	474	PARENT_OF
474	475	PARENT_OF
475	476	PARENT_OF
476	477	PARENT_OF
477	478	PARENT_OF
478	479	PARENT_OF
478	480	PARENT_OF
480	481	PARENT_OF
477	482	PARENT_OF
476	483	PARENT_OF
483	484	PARENT_OF
475	485	PARENT_OF
474	486	PARENT_OF
486	487	PARENT_OF
473	488	PARENT_OF
472	489	PARENT_OF
489	490	PARENT_OF
490	491	PARENT_OF
491	492	PARENT_OF
490	493	PARENT_OF
489	494	PARENT_OF
471	495	PARENT_OF
470	496	PARENT_OF
496	497	PARENT_OF
449	498	PARENT_OF
449	499	PARENT_OF
389	500	PARENT_OF
389	501	PARENT_OF
20	502	PARENT_OF
502	503	ENTRY
502	504	EXIT
502	505	PARENT_OF
502	506	PARENT_OF
502	507	PARENT_OF
507	508	PARENT_OF
508	509	PARENT_OF
508	510	PARENT_OF
508	511	PARENT_OF
502	512	PARENT_OF
512	513	PARENT_OF
513	514	PARENT_OF
514	515	PARENT_OF
513	516	PARENT_OF
516	517	PARENT_OF
517	518	PARENT_OF
518	519	PARENT_OF
517	520	PARENT_OF
516	521	PARENT_OF
512	522	PARENT_OF
522	523	PARENT_OF
523	524	PARENT_OF
524	525	PARENT_OF
525	526	PARENT_OF
526	527	PARENT_OF
525	528	PARENT_OF
528	529	PARENT_OF
529	530	PARENT_OF
530	531	PARENT_OF
531	532	PARENT_OF
530	533	PARENT_OF
529	534	PARENT_OF
528	535	PARENT_OF
535	536	PARENT_OF
524	537	PARENT_OF
524	538	PARENT_OF
538	539	PARENT_OF
539	540	ENTRY
539	541	EXIT
539	542	PARENT_OF
539	543	PARENT_OF
539	544	PARENT_OF
544	545	PARENT_OF
545	546	PARENT_OF
545	547	PARENT_OF
545	548	PARENT_OF
539	549	PARENT_OF
539	550	PARENT_OF
550	551	PARENT_OF
551	552	PARENT_OF
552	553	PARENT_OF
553	554	PARENT_OF
554	555	PARENT_OF
552	556	PARENT_OF
556	557	PARENT_OF
557	558	PARENT_OF
558	559	PARENT_OF
557	560	PARENT_OF
560	561	PARENT_OF
561	562	PARENT_OF
562	563	PARENT_OF
563	564	PARENT_OF
562	565	PARENT_OF
561	566	PARENT_OF
560	567	PARENT_OF
567	568	PARENT_OF
567	569	PARENT_OF
560	570	PARENT_OF
570	571	PARENT_OF
571	572	PARENT_OF
572	573	PARENT_OF
572	574	PARENT_OF
574	575	PARENT_OF
575	576	PARENT_OF
574	577	PARENT_OF
571	578	PARENT_OF
570	579	PARENT_OF
560	580	PARENT_OF
580	581	PARENT_OF
580	582	PARENT_OF
560	583	PARENT_OF
583	584	PARENT_OF
583	585	PARENT_OF
551	586	PARENT_OF
586	587	PARENT_OF
586	588	PARENT_OF
588	589	PARENT_OF
589	590	PARENT_OF
590	591	PARENT_OF
591	592	PARENT_OF
592	593	PARENT_OF
591	594	PARENT_OF
590	595	PARENT_OF
595	596	PARENT_OF
596	597	PARENT_OF
597	598	PARENT_OF
598	599	PARENT_OF
599	600	PARENT_OF
600	601	PARENT_OF
599	602	PARENT_OF
597	603	PARENT_OF
603	604	PARENT_OF
604	605	PARENT_OF
605	606	PARENT_OF
606	607	PARENT_OF
605	608	PARENT_OF
604	609	PARENT_OF
609	610	PARENT_OF
610	611	PARENT_OF
609	612	PARENT_OF
595	613	PARENT_OF
613	614	PARENT_OF
614	615	PARENT_OF
615	616	PARENT_OF
614	617	PARENT_OF
613	618	PARENT_OF
618	619	PARENT_OF
619	620	PARENT_OF
618	621	PARENT_OF
550	622	PARENT_OF
622	623	PARENT_OF
623	624	PARENT_OF
539	625	PARENT_OF
539	626	PARENT_OF
523	627	PARENT_OF
523	628	PARENT_OF
628	629	PARENT_OF
629	630	ENTRY
629	631	EXIT
629	632	PARENT_OF
629	633	PARENT_OF
629	634	PARENT_OF
634	635	PARENT_OF
635	636	PARENT_OF
635	637	PARENT_OF
635	638	PARENT_OF
629	639	PARENT_OF
629	640	PARENT_OF
640	641	PARENT_OF
641	642	PARENT_OF
642	643	PARENT_OF
643	644	PARENT_OF
644	645	PARENT_OF
645	646	PARENT_OF
644	647	PARENT_OF
643	648	PARENT_OF
642	649	PARENT_OF
649	650	PARENT_OF
649	651	PARENT_OF
642	652	PARENT_OF
652	653	PARENT_OF
653	654	PARENT_OF
654	655	PARENT_OF
653	656	PARENT_OF
653	657	PARENT_OF
652	658	PARENT_OF
642	659	PARENT_OF
659	660	PARENT_OF
659	661	PARENT_OF
642	662	PARENT_OF
662	663	PARENT_OF
662	664	PARENT_OF
629	665	PARENT_OF
629	666	PARENT_OF
502	667	PARENT_OF
502	668	PARENT_OF
20	669	PARENT_OF
669	670	ENTRY
669	671	EXIT
669	672	PARENT_OF
669	673	PARENT_OF
669	674	PARENT_OF
674	675	PARENT_OF
675	676	PARENT_OF
675	677	PARENT_OF
675	678	PARENT_OF
674	679	PARENT_OF
679	680	PARENT_OF
679	681	PARENT_OF
679	682	PARENT_OF
674	683	PARENT_OF
683	684	PARENT_OF
683	685	PARENT_OF
683	686	PARENT_OF
669	687	PARENT_OF
687	688	PARENT_OF
688	689	PARENT_OF
689	690	PARENT_OF
687	691	PARENT_OF
691	692	PARENT_OF
692	693	PARENT_OF
693	694	PARENT_OF
694	695	PARENT_OF
693	696	PARENT_OF
692	697	PARENT_OF
697	698	PARENT_OF
698	699	PARENT_OF
699	700	PARENT_OF
698	701	PARENT_OF
701	702	PARENT_OF
702	703	PARENT_OF
703	704	PARENT_OF
704	705	PARENT_OF
703	706	PARENT_OF
702	707	PARENT_OF
701	708	PARENT_OF
708	709	PARENT_OF
709	710	PARENT_OF
710	711	PARENT_OF
709	712	PARENT_OF
708	713	PARENT_OF
687	714	PARENT_OF
714	715	PARENT_OF
715	716	PARENT_OF
716	717	PARENT_OF
715	718	PARENT_OF
715	719	PARENT_OF
719	720	PARENT_OF
720	721	PARENT_OF
721	722	PARENT_OF
722	723	PARENT_OF
721	724	PARENT_OF
720	725	PARENT_OF
725	726	PARENT_OF
726	727	PARENT_OF
725	728	PARENT_OF
669	729	PARENT_OF
669	730	PARENT_OF
20	731	PARENT_OF
731	732	PARENT_OF
732	733	PARENT_OF
731	734	PARENT_OF
734	735	PARENT_OF
735	736	PARENT_OF
736	737	PARENT_OF
737	738	PARENT_OF
738	739	ENTRY
738	740	EXIT
738	741	PARENT_OF
738	742	PARENT_OF
738	743	PARENT_OF
738	744	PARENT_OF
738	745	PARENT_OF
745	746	PARENT_OF
746	747	PARENT_OF
747	748	PARENT_OF
748	749	PARENT_OF
747	750	PARENT_OF
750	751	PARENT_OF
751	752	ENTRY
751	753	EXIT
751	754	PARENT_OF
751	755	PARENT_OF
751	756	PARENT_OF
756	757	PARENT_OF
757	758	PARENT_OF
757	759	PARENT_OF
757	760	PARENT_OF
756	761	PARENT_OF
761	762	PARENT_OF
761	763	PARENT_OF
761	764	PARENT_OF
751	765	PARENT_OF
751	766	PARENT_OF
766	767	PARENT_OF
767	768	PARENT_OF
768	769	PARENT_OF
767	770	PARENT_OF
770	771	PARENT_OF
771	772	PARENT_OF
771	773	PARENT_OF
766	774	PARENT_OF
774	775	PARENT_OF
775	776	PARENT_OF
776	777	PARENT_OF
777	778	PARENT_OF
778	779	PARENT_OF
777	780	PARENT_OF
776	781	PARENT_OF
775	782	PARENT_OF
775	783	PARENT_OF
783	784	PARENT_OF
784	785	PARENT_OF
785	786	PARENT_OF
786	787	PARENT_OF
785	788	PARENT_OF
784	789	PARENT_OF
783	790	PARENT_OF
790	791	PARENT_OF
783	792	PARENT_OF
792	793	PARENT_OF
774	794	PARENT_OF
774	795	PARENT_OF
795	796	PARENT_OF
796	797	ENTRY
796	798	EXIT
796	799	PARENT_OF
796	800	PARENT_OF
796	801	PARENT_OF
796	802	PARENT_OF
796	803	PARENT_OF
803	804	PARENT_OF
804	805	PARENT_OF
805	806	PARENT_OF
806	807	PARENT_OF
807	808	PARENT_OF
806	809	PARENT_OF
809	810	PARENT_OF
810	811	PARENT_OF
811	812	PARENT_OF
810	813	PARENT_OF
809	814	PARENT_OF
809	815	PARENT_OF
815	816	PARENT_OF
816	817	PARENT_OF
817	818	PARENT_OF
818	819	PARENT_OF
817	820	PARENT_OF
816	821	PARENT_OF
815	822	PARENT_OF
822	823	PARENT_OF
823	824	PARENT_OF
805	825	PARENT_OF
825	826	PARENT_OF
826	827	PARENT_OF
827	828	PARENT_OF
826	829	PARENT_OF
829	830	PARENT_OF
830	831	PARENT_OF
831	832	PARENT_OF
832	833	PARENT_OF
831	834	PARENT_OF
831	835	PARENT_OF
835	836	PARENT_OF
836	837	PARENT_OF
804	838	PARENT_OF
838	839	PARENT_OF
839	840	PARENT_OF
840	841	PARENT_OF
841	842	PARENT_OF
839	843	PARENT_OF
843	844	PARENT_OF
839	845	PARENT_OF
845	846	PARENT_OF
846	847	PARENT_OF
847	848	PARENT_OF
846	849	PARENT_OF
849	850	PARENT_OF
850	851	PARENT_OF
850	852	PARENT_OF
849	853	PARENT_OF
853	854	PARENT_OF
854	855	PARENT_OF
855	856	PARENT_OF
854	857	PARENT_OF
853	858	PARENT_OF
845	859	PARENT_OF
859	860	PARENT_OF
860	861	PARENT_OF
861	862	PARENT_OF
862	863	PARENT_OF
861	864	PARENT_OF
860	865	PARENT_OF
859	866	PARENT_OF
859	867	PARENT_OF
867	868	PARENT_OF
868	869	PARENT_OF
869	870	PARENT_OF
870	871	PARENT_OF
869	872	PARENT_OF
868	873	PARENT_OF
867	874	PARENT_OF
874	875	PARENT_OF
867	876	PARENT_OF
876	877	PARENT_OF
845	878	PARENT_OF
878	879	PARENT_OF
879	880	PARENT_OF
880	881	PARENT_OF
879	882	PARENT_OF
882	883	PARENT_OF
883	884	PARENT_OF
804	885	PARENT_OF
796	886	PARENT_OF
796	887	PARENT_OF
751	888	PARENT_OF
751	889	PARENT_OF
738	890	PARENT_OF
738	891	PARENT_OF
737	892	PARENT_OF
736	893	PARENT_OF
893	894	PARENT_OF
894	895	ENTRY
894	896	EXIT
894	897	PARENT_OF
894	898	PARENT_OF
894	899	PARENT_OF
899	900	PARENT_OF
900	901	PARENT_OF
900	902	PARENT_OF
900	903	PARENT_OF
894	904	PARENT_OF
894	905	PARENT_OF
905	906	PARENT_OF
906	907	PARENT_OF
907	908	PARENT_OF
908	909	PARENT_OF
907	910	PARENT_OF
910	911	PARENT_OF
911	912	ENTRY
911	913	EXIT
911	914	PARENT_OF
911	915	PARENT_OF
911	916	PARENT_OF
916	917	PARENT_OF
917	918	PARENT_OF
917	919	PARENT_OF
917	920	PARENT_OF
916	921	PARENT_OF
921	922	PARENT_OF
921	923	PARENT_OF
921	924	PARENT_OF
911	925	PARENT_OF
911	926	PARENT_OF
926	927	PARENT_OF
927	928	PARENT_OF
928	929	PARENT_OF
927	930	PARENT_OF
930	931	PARENT_OF
931	932	PARENT_OF
931	933	PARENT_OF
926	934	PARENT_OF
934	935	PARENT_OF
935	936	PARENT_OF
936	937	PARENT_OF
937	938	PARENT_OF
936	939	PARENT_OF
935	940	PARENT_OF
934	941	PARENT_OF
934	942	PARENT_OF
942	943	PARENT_OF
943	944	PARENT_OF
944	945	PARENT_OF
945	946	PARENT_OF
944	947	PARENT_OF
943	948	PARENT_OF
942	949	PARENT_OF
949	950	PARENT_OF
942	951	PARENT_OF
951	952	PARENT_OF
926	953	PARENT_OF
953	954	PARENT_OF
954	955	PARENT_OF
955	956	PARENT_OF
954	957	PARENT_OF
957	958	PARENT_OF
958	959	ENTRY
958	960	EXIT
958	961	PARENT_OF
958	962	PARENT_OF
958	963	PARENT_OF
963	964	PARENT_OF
964	965	PARENT_OF
964	966	PARENT_OF
964	967	PARENT_OF
963	968	PARENT_OF
968	969	PARENT_OF
968	970	PARENT_OF
968	971	PARENT_OF
958	972	PARENT_OF
958	973	PARENT_OF
973	974	PARENT_OF
974	975	PARENT_OF
975	976	PARENT_OF
976	977	PARENT_OF
975	978	PARENT_OF
975	979	PARENT_OF
979	980	PARENT_OF
980	981	PARENT_OF
979	982	PARENT_OF
958	983	PARENT_OF
958	984	PARENT_OF
953	985	PARENT_OF
953	986	PARENT_OF
986	987	PARENT_OF
987	988	ENTRY
987	989	EXIT
987	990	PARENT_OF
987	991	PARENT_OF
987	992	PARENT_OF
987	993	PARENT_OF
987	994	PARENT_OF
994	995	PARENT_OF
995	996	PARENT_OF
996	997	PARENT_OF
997	998	PARENT_OF
998	999	PARENT_OF
997	1000	PARENT_OF
1000	1001	PARENT_OF
1001	1002	PARENT_OF
1002	1003	PARENT_OF
1001	1004	PARENT_OF
1000	1005	PARENT_OF
1000	1006	PARENT_OF
1006	1007	PARENT_OF
1007	1008	PARENT_OF
996	1009	PARENT_OF
1009	1010	PARENT_OF
1010	1011	PARENT_OF
1011	1012	PARENT_OF
1010	1013	PARENT_OF
1013	1014	PARENT_OF
1014	1015	PARENT_OF
1015	1016	PARENT_OF
1016	1017	PARENT_OF
1015	1018	PARENT_OF
1015	1019	PARENT_OF
1019	1020	PARENT_OF
1020	1021	PARENT_OF
995	1022	PARENT_OF
1022	1023	PARENT_OF
1023	1024	PARENT_OF
1024	1025	PARENT_OF
1025	1026	PARENT_OF
1023	1027	PARENT_OF
1027	1028	PARENT_OF
1023	1029	PARENT_OF
1029	1030	PARENT_OF
1030	1031	PARENT_OF
1031	1032	PARENT_OF
1030	1033	PARENT_OF
1033	1034	PARENT_OF
1034	1035	PARENT_OF
1034	1036	PARENT_OF
1033	1037	PARENT_OF
1037	1038	PARENT_OF
1038	1039	PARENT_OF
1039	1040	PARENT_OF
1038	1041	PARENT_OF
1037	1042	PARENT_OF
1029	1043	PARENT_OF
1043	1044	PARENT_OF
1044	1045	PARENT_OF
1045	1046	PARENT_OF
1046	1047	PARENT_OF
1045	1048	PARENT_OF
1044	1049	PARENT_OF
1043	1050	PARENT_OF
1043	1051	PARENT_OF
1051	1052	PARENT_OF
1052	1053	PARENT_OF
1053	1054	PARENT_OF
1054	1055	PARENT_OF
1053	1056	PARENT_OF
1052	1057	PARENT_OF
1051	1058	PARENT_OF
1058	1059	PARENT_OF
1051	1060	PARENT_OF
1060	1061	PARENT_OF
1029	1062	PARENT_OF
1062	1063	PARENT_OF
1063	1064	PARENT_OF
1064	1065	PARENT_OF
1063	1066	PARENT_OF
1066	1067	PARENT_OF
1067	1068	PARENT_OF
995	1069	PARENT_OF
987	1070	PARENT_OF
987	1071	PARENT_OF
911	1072	PARENT_OF
911	1073	PARENT_OF
894	1074	PARENT_OF
894	1075	PARENT_OF
893	1076	PARENT_OF
735	1077	PARENT_OF
734	1078	PARENT_OF
1078	1079	PARENT_OF
1079	1080	PARENT_OF
1080	1081	PARENT_OF
1081	1082	ENTRY
1081	1083	EXIT
1081	1084	PARENT_OF
1081	1085	PARENT_OF
1081	1086	PARENT_OF
1081	1087	PARENT_OF
1081	1088	PARENT_OF
1088	1089	PARENT_OF
1089	1090	PARENT_OF
1090	1091	PARENT_OF
1091	1092	PARENT_OF
1090	1093	PARENT_OF
1090	1094	PARENT_OF
1094	1095	PARENT_OF
1081	1096	PARENT_OF
1081	1097	PARENT_OF
1080	1098	PARENT_OF
1079	1099	PARENT_OF
1099	1100	PARENT_OF
1100	1101	ENTRY
1100	1102	EXIT
1100	1103	PARENT_OF
1100	1104	PARENT_OF
1100	1105	PARENT_OF
1100	1106	PARENT_OF
1100	1107	PARENT_OF
1107	1108	PARENT_OF
1108	1109	PARENT_OF
1109	1110	PARENT_OF
1110	1111	PARENT_OF
1109	1112	PARENT_OF
1112	1113	PARENT_OF
1113	1114	ENTRY
1113	1115	EXIT
1113	1116	PARENT_OF
1113	1117	PARENT_OF
1113	1118	PARENT_OF
1118	1119	PARENT_OF
1119	1120	PARENT_OF
1119	1121	PARENT_OF
1119	1122	PARENT_OF
1113	1123	PARENT_OF
1113	1124	PARENT_OF
1124	1125	PARENT_OF
1125	1126	PARENT_OF
1126	1127	PARENT_OF
1127	1128	PARENT_OF
1128	1129	PARENT_OF
1129	1130	PARENT_OF
1128	1131	PARENT_OF
1127	1132	PARENT_OF
1127	1133	PARENT_OF
1133	1134	PARENT_OF
1134	1135	ENTRY
1134	1136	EXIT
1134	1137	PARENT_OF
1134	1138	PARENT_OF
1134	1139	PARENT_OF
1139	1140	PARENT_OF
1140	1141	PARENT_OF
1140	1142	PARENT_OF
1140	1143	PARENT_OF
1134	1144	PARENT_OF
1134	1145	PARENT_OF
1145	1146	PARENT_OF
1146	1147	PARENT_OF
1147	1148	PARENT_OF
1146	1149	PARENT_OF
1149	1150	PARENT_OF
1150	1151	PARENT_OF
1151	1152	PARENT_OF
1152	1153	PARENT_OF
1151	1154	PARENT_OF
1134	1155	PARENT_OF
1134	1156	PARENT_OF
1125	1157	PARENT_OF
1157	1158	PARENT_OF
1158	1159	PARENT_OF
1159	1160	PARENT_OF
1160	1161	PARENT_OF
1158	1162	PARENT_OF
1162	1163	PARENT_OF
1158	1164	PARENT_OF
1164	1165	PARENT_OF
1165	1166	PARENT_OF
1166	1167	PARENT_OF
1167	1168	PARENT_OF
1166	1169	PARENT_OF
1169	1170	PARENT_OF
1170	1171	PARENT_OF
1171	1172	PARENT_OF
1172	1173	PARENT_OF
1173	1174	PARENT_OF
1171	1175	PARENT_OF
1170	1176	PARENT_OF
1176	1177	PARENT_OF
1177	1178	PARENT_OF
1176	1179	PARENT_OF
1125	1180	PARENT_OF
1113	1181	PARENT_OF
1113	1182	PARENT_OF
1100	1183	PARENT_OF
1100	1184	PARENT_OF
1099	1185	PARENT_OF
1079	1186	PARENT_OF
1186	1187	PARENT_OF
1187	1188	ENTRY
1187	1189	EXIT
1187	1190	PARENT_OF
1187	1191	PARENT_OF
1187	1192	PARENT_OF
1187	1193	PARENT_OF
1187	1194	PARENT_OF
1194	1195	PARENT_OF
1195	1196	PARENT_OF
1196	1197	PARENT_OF
1197	1198	PARENT_OF
1196	1199	PARENT_OF
1196	1200	PARENT_OF
1200	1201	PARENT_OF
1187	1202	PARENT_OF
1187	1203	PARENT_OF
1186	1204	PARENT_OF
1078	1205	PARENT_OF
734	1206	PARENT_OF
1206	1207	PARENT_OF
1207	1208	PARENT_OF
1208	1209	PARENT_OF
1209	1210	ENTRY
1209	1211	EXIT
1209	1212	PARENT_OF
1209	1213	PARENT_OF
1209	1214	PARENT_OF
1214	1215	PARENT_OF
1215	1216	PARENT_OF
1215	1217	PARENT_OF
1215	1218	PARENT_OF
1209	1219	PARENT_OF
1209	1220	PARENT_OF
1220	1221	PARENT_OF
1221	1222	PARENT_OF
1222	1223	PARENT_OF
1221	1224	PARENT_OF
1224	1225	PARENT_OF
1225	1226	PARENT_OF
1224	1227	PARENT_OF
1227	1228	PARENT_OF
1228	1229	PARENT_OF
1229	1230	PARENT_OF
1228	1231	PARENT_OF
1220	1232	PARENT_OF
1232	1233	PARENT_OF
1233	1234	PARENT_OF
1232	1235	PARENT_OF
1235	1236	PARENT_OF
1236	1237	PARENT_OF
1235	1238	PARENT_OF
1235	1239	PARENT_OF
1239	1240	PARENT_OF
1220	1241	PARENT_OF
1241	1242	PARENT_OF
1242	1243	PARENT_OF
1241	1244	PARENT_OF
1244	1245	PARENT_OF
1245	1246	PARENT_OF
1244	1247	PARENT_OF
1220	1248	PARENT_OF
1248	1249	PARENT_OF
1249	1250	PARENT_OF
1248	1251	PARENT_OF
1251	1252	PARENT_OF
1252	1253	PARENT_OF
1251	1254	PARENT_OF
1220	1255	PARENT_OF
1255	1256	PARENT_OF
1256	1257	PARENT_OF
1255	1258	PARENT_OF
1258	1259	PARENT_OF
1259	1260	PARENT_OF
1258	1261	PARENT_OF
1220	1262	PARENT_OF
1262	1263	PARENT_OF
1263	1264	PARENT_OF
1262	1265	PARENT_OF
1265	1266	PARENT_OF
1266	1267	PARENT_OF
1265	1268	PARENT_OF
1268	1269	PARENT_OF
1269	1270	PARENT_OF
1270	1271	PARENT_OF
1271	1272	PARENT_OF
1270	1273	PARENT_OF
1269	1274	PARENT_OF
1268	1275	PARENT_OF
1275	1276	PARENT_OF
1268	1277	PARENT_OF
1277	1278	PARENT_OF
1220	1279	PARENT_OF
1279	1280	PARENT_OF
1280	1281	PARENT_OF
1281	1282	PARENT_OF
1280	1283	PARENT_OF
1283	1284	PARENT_OF
1284	1285	PARENT_OF
1285	1286	PARENT_OF
1284	1287	PARENT_OF
1287	1288	PARENT_OF
1288	1289	PARENT_OF
1288	1290	PARENT_OF
1287	1291	PARENT_OF
1291	1292	PARENT_OF
1291	1293	PARENT_OF
1287	1294	PARENT_OF
1294	1295	PARENT_OF
1294	1296	PARENT_OF
1287	1297	PARENT_OF
1297	1298	PARENT_OF
1298	1299	PARENT_OF
1299	1300	PARENT_OF
1300	1301	PARENT_OF
1301	1302	PARENT_OF
1302	1303	PARENT_OF
1303	1304	PARENT_OF
1302	1305	PARENT_OF
1301	1306	PARENT_OF
1300	1307	PARENT_OF
1299	1308	PARENT_OF
1298	1309	PARENT_OF
1309	1310	PARENT_OF
1310	1311	PARENT_OF
1309	1312	PARENT_OF
1298	1313	PARENT_OF
1313	1314	PARENT_OF
1314	1315	PARENT_OF
1315	1316	PARENT_OF
1314	1317	PARENT_OF
1313	1318	PARENT_OF
1297	1319	PARENT_OF
1283	1320	PARENT_OF
1320	1321	PARENT_OF
1321	1322	PARENT_OF
1322	1323	PARENT_OF
1323	1324	PARENT_OF
1322	1325	PARENT_OF
1325	1326	PARENT_OF
1326	1327	PARENT_OF
1321	1328	PARENT_OF
1321	1329	PARENT_OF
1329	1330	PARENT_OF
1330	1331	ENTRY
1330	1332	EXIT
1330	1333	PARENT_OF
1330	1334	PARENT_OF
1330	1335	PARENT_OF
1335	1336	PARENT_OF
1336	1337	PARENT_OF
1336	1338	PARENT_OF
1336	1339	PARENT_OF
1330	1340	PARENT_OF
1330	1341	PARENT_OF
1341	1342	PARENT_OF
1342	1343	PARENT_OF
1343	1344	PARENT_OF
1344	1345	PARENT_OF
1343	1346	PARENT_OF
1346	1347	PARENT_OF
1347	1348	PARENT_OF
1346	1349	PARENT_OF
1349	1350	PARENT_OF
1346	1351	PARENT_OF
1351	1352	PARENT_OF
1330	1353	PARENT_OF
1330	1354	PARENT_OF
1220	1355	PARENT_OF
1355	1356	PARENT_OF
1356	1357	PARENT_OF
1357	1358	PARENT_OF
1356	1359	PARENT_OF
1356	1360	PARENT_OF
1360	1361	PARENT_OF
1361	1362	PARENT_OF
1362	1363	PARENT_OF
1363	1364	PARENT_OF
1364	1365	PARENT_OF
1362	1366	PARENT_OF
1361	1367	PARENT_OF
1367	1368	PARENT_OF
1368	1369	PARENT_OF
1369	1370	PARENT_OF
1370	1371	PARENT_OF
1371	1372	PARENT_OF
1371	1373	PARENT_OF
1373	1374	PARENT_OF
1370	1375	PARENT_OF
1369	1376	PARENT_OF
1367	1377	PARENT_OF
1209	1378	PARENT_OF
1209	1379	PARENT_OF
1208	1380	PARENT_OF
1207	1381	PARENT_OF
1381	1382	PARENT_OF
1382	1383	ENTRY
1382	1384	EXIT
1382	1385	PARENT_OF
1382	1386	PARENT_OF
1382	1387	PARENT_OF
1387	1388	PARENT_OF
1388	1389	PARENT_OF
1388	1390	PARENT_OF
1388	1391	PARENT_OF
1382	1392	PARENT_OF
1382	1393	PARENT_OF
1393	1394	PARENT_OF
1394	1395	PARENT_OF
1395	1396	PARENT_OF
1394	1397	PARENT_OF
1397	1398	PARENT_OF
1398	1399	PARENT_OF
1397	1400	PARENT_OF
1400	1401	PARENT_OF
1401	1402	PARENT_OF
1402	1403	PARENT_OF
1401	1404	PARENT_OF
1393	1405	PARENT_OF
1405	1406	PARENT_OF
1406	1407	PARENT_OF
1405	1408	PARENT_OF
1408	1409	PARENT_OF
1409	1410	PARENT_OF
1408	1411	PARENT_OF
1408	1412	PARENT_OF
1412	1413	PARENT_OF
1393	1414	PARENT_OF
1414	1415	PARENT_OF
1415	1416	PARENT_OF
1414	1417	PARENT_OF
1417	1418	PARENT_OF
1418	1419	PARENT_OF
1417	1420	PARENT_OF
1393	1421	PARENT_OF
1421	1422	PARENT_OF
1422	1423	PARENT_OF
1421	1424	PARENT_OF
1424	1425	PARENT_OF
1425	1426	PARENT_OF
1424	1427	PARENT_OF
1393	1428	PARENT_OF
1428	1429	PARENT_OF
1429	1430	PARENT_OF
1428	1431	PARENT_OF
1431	1432	PARENT_OF
1432	1433	PARENT_OF
1431	1434	PARENT_OF
1393	1435	PARENT_OF
1435	1436	PARENT_OF
1436	1437	PARENT_OF
1435	1438	PARENT_OF
1438	1439	PARENT_OF
1439	1440	PARENT_OF
1438	1441	PARENT_OF
1441	1442	PARENT_OF
1442	1443	PARENT_OF
1443	1444	PARENT_OF
1444	1445	PARENT_OF
1443	1446	PARENT_OF
1442	1447	PARENT_OF
1441	1448	PARENT_OF
1448	1449	PARENT_OF
1441	1450	PARENT_OF
1450	1451	PARENT_OF
1393	1452	PARENT_OF
1452	1453	PARENT_OF
1453	1454	PARENT_OF
1454	1455	PARENT_OF
1453	1456	PARENT_OF
1456	1457	PARENT_OF
1457	1458	PARENT_OF
1458	1459	PARENT_OF
1457	1460	PARENT_OF
1460	1461	PARENT_OF
1461	1462	PARENT_OF
1461	1463	PARENT_OF
1460	1464	PARENT_OF
1464	1465	PARENT_OF
1464	1466	PARENT_OF
1460	1467	PARENT_OF
1467	1468	PARENT_OF
1467	1469	PARENT_OF
1460	1470	PARENT_OF
1470	1471	PARENT_OF
1471	1472	PARENT_OF
1472	1473	PARENT_OF
1473	1474	PARENT_OF
1474	1475	PARENT_OF
1475	1476	PARENT_OF
1476	1477	PARENT_OF
1475	1478	PARENT_OF
1474	1479	PARENT_OF
1473	1480	PARENT_OF
1472	1481	PARENT_OF
1471	1482	PARENT_OF
1482	1483	PARENT_OF
1483	1484	PARENT_OF
1482	1485	PARENT_OF
1470	1486	PARENT_OF
1456	1487	PARENT_OF
1487	1488	PARENT_OF
1488	1489	PARENT_OF
1489	1490	PARENT_OF
1490	1491	PARENT_OF
1489	1492	PARENT_OF
1492	1493	PARENT_OF
1493	1494	PARENT_OF
1488	1495	PARENT_OF
1488	1496	PARENT_OF
1496	1497	PARENT_OF
1497	1498	ENTRY
1497	1499	EXIT
1497	1500	PARENT_OF
1497	1501	PARENT_OF
1497	1502	PARENT_OF
1502	1503	PARENT_OF
1503	1504	PARENT_OF
1503	1505	PARENT_OF
1503	1506	PARENT_OF
1497	1507	PARENT_OF
1497	1508	PARENT_OF
1508	1509	PARENT_OF
1509	1510	PARENT_OF
1510	1511	PARENT_OF
1511	1512	PARENT_OF
1510	1513	PARENT_OF
1513	1514	PARENT_OF
1514	1515	PARENT_OF
1513	1516	PARENT_OF
1516	1517	PARENT_OF
1513	1518	PARENT_OF
1518	1519	PARENT_OF
1497	1520	PARENT_OF
1497	1521	PARENT_OF
1393	1522	PARENT_OF
1522	1523	PARENT_OF
1523	1524	PARENT_OF
1524	1525	PARENT_OF
1523	1526	PARENT_OF
1523	1527	PARENT_OF
1527	1528	PARENT_OF
1528	1529	PARENT_OF
1529	1530	PARENT_OF
1530	1531	PARENT_OF
1531	1532	PARENT_OF
1529	1533	PARENT_OF
1528	1534	PARENT_OF
1534	1535	PARENT_OF
1535	1536	PARENT_OF
1536	1537	PARENT_OF
1537	1538	PARENT_OF
1538	1539	PARENT_OF
1538	1540	PARENT_OF
1540	1541	PARENT_OF
1537	1542	PARENT_OF
1536	1543	PARENT_OF
1534	1544	PARENT_OF
1382	1545	PARENT_OF
1382	1546	PARENT_OF
1381	1547	PARENT_OF
1206	1548	PARENT_OF
9	1549	PARENT_OF
9	1550	PARENT_OF
8	1551	PARENT_OF
1551	1552	PARENT_OF
1552	1553	PARENT_OF
1553	1554	PARENT_OF
1552	1555	PARENT_OF
1555	1556	PARENT_OF
1556	1557	PARENT_OF
1555	1558	PARENT_OF
0	1	FILE_OF
